{
  "type": "minecraft:blasting",
  "category": "misc",
  "cookingtime": 200,
  "experience": 0.1,
  "ingredient": [
    {
      "item": "minecraft:iron_pickaxe"
    },
    {
      "item": "minecraft:iron_shovel"
    },
    {
      "item": "minecraft:iron_axe"
    },
    {
      "item": "minecraft:iron_hoe"
    },
    {
      "item": "minecraft:iron_sword"
    },
    {
      "item": "minecraft:iron_helmet"
    },
    {
      "item": "minecraft:iron_chestplate"
    },
    {
      "item": "minecraft:iron_leggings"
    },
    {
      "item": "minecraft:iron_boots"
    },
    {
      "item": "minecraft:iron_horse_armor"
    },
    {
      "item": "minecraft:chainmail_helmet"
    },
    {
      "item": "minecraft:chainmail_chestplate"
    },
    {
      "item": "minecraft:chainmail_leggings"
    },
    {
      "item": "minecraft:chainmail_boots"
    },
    {
      "item": "minecraft:iron_door"
    },
    {
      "item": "minecraft:iron_trapdoor"
    },
    {
      "item": "minecraft:bucket"
    }
  ],
  "result": "minecraft:iron_ingot"
}
